,filename
0,auntminnie-a-2020_01_28_23_51_6665_2020_01_28_Vietnam_coronavirus.jpeg
1,auntminnie-b-2020_01_28_23_51_6665_2020_01_28_Vietnam_coronavirus.jpeg
2,auntminnie-c-2020_01_28_23_51_6665_2020_01_28_Vietnam_coronavirus.jpeg
3,auntminnie-d-2020_01_28_23_51_6665_2020_01_28_Vietnam_coronavirus.jpeg
4,nejmc2001573_f1a.jpeg
5,nejmc2001573_f1b.jpeg
7,lancet-case2a.jpg
8,lancet-case2b.jpg
20,1-s2.0-S0140673620303706-fx1_lrg.jpg
21,nCoV-radiol.2020200269.fig1-day7.jpeg
22,nejmoa2001191_f1-PA.jpeg
24,nejmoa2001191_f3-PA.jpeg
26,nejmoa2001191_f4.jpeg
27,nejmoa2001191_f5-PA.jpeg
29,ryct.2020200034.fig2.jpeg
30,ryct.2020200034.fig5-day0.jpeg
31,ryct.2020200034.fig5-day4.jpeg
32,ryct.2020200034.fig5-day7.jpeg
33,ryct.2020200028.fig1a.jpeg
39,radiol.2020200490.fig3.jpeg
40,1-s2.0-S0929664620300449-gr2_lrg-a.jpg
41,1-s2.0-S0929664620300449-gr2_lrg-b.jpg
42,1-s2.0-S0929664620300449-gr2_lrg-c.jpg
43,1-s2.0-S0929664620300449-gr2_lrg-d.jpg
48,covid-19-pneumonia-15-PA.jpg
50,covid-19-pneumonia-2.jpg
51,covid-19-pneumonia-7-PA.jpg
54,covid-19-pneumonia-14-PA.png
57,covid-19-pneumonia-12.jpg
72,7C69C012-7479-493F-8722-ABC29C60A2DD.jpeg
81,8FDE8DBA-CFBD-4B4C-B1A4-6F36A93B7E87.jpeg
82,9C34AF49-E589-44D5-92D3-168B3B04E4A6.jpeg
84,F2DE909F-E19C-4900-92F5-8F435B031AC6.jpeg
85,31BA3780-2323-493F-8AED-62081B9C383B.jpeg
88,1312A392-67A3-4EBF-9319-810CF6DA5EF6.jpeg
90,23E99E2E-447C-46E5-8EB2-D35D12473C39.png
91,7AF6C1AF-D249-4BD2-8C26-449304105D03.jpeg
92,1B734A89-A1BF-49A8-A1D3-66FAFA4FAC5D.jpeg
93,CD50BA96-6982-4C80-AE7B-5F67ACDBFA56.jpeg
94,85E52EB3-56E9-4D67-82DA-DEA247C82886.jpeg
95,6CB4EFC6-68FA-4CD5-940C-BEFA8DAFE9A7.jpeg
96,01E392EE-69F9-4E33-BFCE-E5C968654078.jpeg
97,F63AB6CE-1968-4154-A70F-913AF154F53D.jpeg
98,2C26F453-AF3B-4517-BB9E-802CF2179543.jpeg
99,93FE0BB1-022D-4F24-9727-987A07975FFB.jpeg
101,F4341CE7-73C9-45C6-99C8-8567A5484B63.jpeg
103,E63574A7-4188-4C8D-8D17-9D67A18A1AFA.jpeg
107,80446565-E090-4187-A031-9D3CEAA586C8.jpeg
110,all14238-fig-0001-m-b.jpg
111,all14238-fig-0001-m-c.jpg
115,1-s2.0-S1684118220300608-main.pdf-001.jpg
116,1-s2.0-S1684118220300608-main.pdf-002.jpg
117,ciaa199.pdf-001-a.png
118,ciaa199.pdf-001-b.png
119,ciaa199.pdf-001-c.png
120,kjr-21-e24-g001-l-a.jpg
123,kjr-21-e24-g002-l-a.jpg
126,kjr-21-e24-g003-l-a.jpg
130,1-s2.0-S1684118220300682-main.pdf-002-a1.png
131,1-s2.0-S1684118220300682-main.pdf-002-a2.png
132,1-s2.0-S1684118220300682-main.pdf-003-b1.png
133,1-s2.0-S1684118220300682-main.pdf-003-b2.png
134,gr1_lrg-a.jpg
135,gr1_lrg-b.jpg
137,FE9F9A5D-2830-46F9-851B-1FF4534959BE.jpeg
143,41591_2020_819_Fig1_HTML.webp-day5.png
144,41591_2020_819_Fig1_HTML.webp-day10.png
146,covid-19-pneumonia-19.jpg
147,kjr-21-e25-g001-l-a.jpg
148,03BF7561-A9BA-4C3C-B8A0-D3E585F73F3C.jpeg
150,353889E0-A1E8-4F9E-A0B8-F24F36BCFBFB.jpeg
152,figure1-5e75d0940b71e1b702629659-98-right.jpeg
153,figure1-5e71be566aa8714a04de3386-98-left.jpeg
157,2966893D-5DDF-4B68-9E2B-4979D5956C8E.jpeg
158,B2D20576-00B7-4519-A415-72DE29C90C34.jpeg
159,6C94A287-C059-46A0-8600-AFB95F4727B7.jpeg
177,covid-19-pneumonia-30-PA.jpg
179,6b44464d-73a7-4cf3-bbb6-ffe7168300e3.annot.original.jpeg
180,58cb9263f16e94305c730685358e4e_jumbo.jpeg
182,9fdd3c3032296fd04d2cad5d9070d4_jumbo.jpeg
183,covid-19-pneumonia-rapidly-progressive-admission.jpg
184,covid-19-pneumonia-rapidly-progressive-12-hours.jpg
185,covid-19-pneumonia-rapidly-progressive-3-days.jpg
186,covid-19-rapidly-progressive-acute-respiratory-distress-syndrome-ards-admission.jpg
187,covid-19-rapidly-progressive-acute-respiratory-distress-syndrome-ards-day-1.jpg
188,covid-19-rapidly-progressive-acute-respiratory-distress-syndrome-ards-day-2.jpg
190,covid-19-infection-exclusive-gastrointestinal-symptoms-pa.png
191,covid-19-infection-exclusive-gastrointestinal-symptoms-l.png
192,covid-19-pneumonia-28.png
209,1.CXRCTThoraximagesofCOVID-19fromSingapore.pdf-000-fig1a.png
210,1.CXRCTThoraximagesofCOVID-19fromSingapore.pdf-000-fig1b.png
211,1.CXRCTThoraximagesofCOVID-19fromSingapore.pdf-001-fig2a.png
212,1.CXRCTThoraximagesofCOVID-19fromSingapore.pdf-001-fig2b.png
213,1.CXRCTThoraximagesofCOVID-19fromSingapore.pdf-002-fig3a.png
214,1.CXRCTThoraximagesofCOVID-19fromSingapore.pdf-002-fig3b.png
215,1.CXRCTThoraximagesofCOVID-19fromSingapore.pdf-003-fig4a.png
216,1.CXRCTThoraximagesofCOVID-19fromSingapore.pdf-003-fig4b.png
220,covid-19-pneumonia-evolution-over-a-week-1-day0-PA.jpg
225,53EC07C9-5CC6-4BE4-9B6F-D7B0D72AAA7E.jpeg
